{
    "up_down_lights": {
        "vanilla": "ec9d211b-51c7-4d4f-9fa1-093efea282a3.vanilla", 
        "added": "ec9d211b-51c7-4d4f-9fa1-093efea282a3.added", 
        "pruningThresholds": [], 
        "ngram": true, 
        "order": 3
    }, 
    "snips/duration": {
        "vanilla": "90edda26-b7bf-482d-a14d-8505f877222a.vanilla", 
        "added": "90edda26-b7bf-482d-a14d-8505f877222a.added", 
        "pruningThresholds": [], 
        "ngram": false, 
        "order": 0
    }, 
    "string": {
        "vanilla": "687d7836-6a03-4848-9a6a-84c2ee5fc264.vanilla", 
        "added": "687d7836-6a03-4848-9a6a-84c2ee5fc264.added", 
        "pruningThresholds": [], 
        "ngram": true, 
        "order": 3
    }, 
    "locality": {
        "vanilla": "29f75279-9150-4da7-931a-871eded01dc5.vanilla", 
        "added": "29f75279-9150-4da7-931a-871eded01dc5.added", 
        "pruningThresholds": [], 
        "ngram": true, 
        "order": 3
    }, 
    "country": {
        "vanilla": "bb245a9d-7ab4-464c-8d2c-08d9f3d23ec0.vanilla", 
        "added": "bb245a9d-7ab4-464c-8d2c-08d9f3d23ec0.added", 
        "pruningThresholds": [], 
        "ngram": true, 
        "order": 3
    }, 
    "region": {
        "vanilla": "1ed78399-0372-4226-bab7-23269e846909.vanilla", 
        "added": "1ed78399-0372-4226-bab7-23269e846909.added", 
        "pruningThresholds": [], 
        "ngram": true, 
        "order": 3
    }, 
    "snips/number": {
        "vanilla": "40f4f665-07ee-4a25-80e4-9f058c356ea8.vanilla", 
        "added": "40f4f665-07ee-4a25-80e4-9f058c356ea8.added", 
        "pruningThresholds": [], 
        "ngram": false, 
        "order": 0
    }, 
    "conditionName": {
        "vanilla": "41f1a66b-cd57-4340-b317-290814fc1ae4.vanilla", 
        "added": "41f1a66b-cd57-4340-b317-290814fc1ae4.added", 
        "pruningThresholds": [], 
        "ngram": true, 
        "order": 3
    }, 
    "house_room": {
        "vanilla": "8c0f846f-b529-46c2-a39a-3999b5aa6d42.vanilla", 
        "added": "8c0f846f-b529-46c2-a39a-3999b5aa6d42.added", 
        "pruningThresholds": [], 
        "ngram": true, 
        "order": 3
    }, 
    "person": {
        "vanilla": "fa0deb5c-9409-4830-96c0-231e7e990c56.vanilla", 
        "added": "fa0deb5c-9409-4830-96c0-231e7e990c56.added", 
        "pruningThresholds": [], 
        "ngram": true, 
        "order": 3
    }, 
    "snips/percentage": {
        "vanilla": "20ef2931-ae38-4772-91fa-110079642791.vanilla", 
        "added": "20ef2931-ae38-4772-91fa-110079642791.added", 
        "pruningThresholds": [], 
        "ngram": false, 
        "order": 0
    }, 
    "temperatureName": {
        "vanilla": "6034c654-b30b-4dc5-8fc5-deec2907897f.vanilla", 
        "added": "6034c654-b30b-4dc5-8fc5-deec2907897f.added", 
        "pruningThresholds": [], 
        "ngram": true, 
        "order": 3
    }, 
    "item": {
        "vanilla": "f97b7b1e-bf53-4e23-8dee-1519e718253e.vanilla", 
        "added": "f97b7b1e-bf53-4e23-8dee-1519e718253e.added", 
        "pruningThresholds": [], 
        "ngram": true, 
        "order": 3
    }, 
    "geographicalPOI": {
        "vanilla": "3affa549-a2d4-4f3a-9b17-27d436883e46.vanilla", 
        "added": "3affa549-a2d4-4f3a-9b17-27d436883e46.added", 
        "pruningThresholds": [], 
        "ngram": true, 
        "order": 3
    }, 
    "snips/datetime": {
        "vanilla": "0b609715-a100-4206-984d-1a13d3426320.vanilla", 
        "added": "0b609715-a100-4206-984d-1a13d3426320.added", 
        "pruningThresholds": [], 
        "ngram": false, 
        "order": 0
    }, 
    "lamp_location": {
        "vanilla": "9f0f6ca8-3fd9-41b6-894c-59f126698fa7.vanilla", 
        "added": "9f0f6ca8-3fd9-41b6-894c-59f126698fa7.added", 
        "pruningThresholds": [], 
        "ngram": true, 
        "order": 3
    }, 
    "room": {
        "vanilla": "c4a0a8c4-a8a8-47b4-b667-7ff4ce9bad34.vanilla", 
        "added": "c4a0a8c4-a8a8-47b4-b667-7ff4ce9bad34.added", 
        "pruningThresholds": [], 
        "ngram": true, 
        "order": 3
    }
}