{
  "parsers_metadata": [
    {
      "entity_identifier": "up_down_lights",
      "entity_parser": "parser_1"
    },
    {
      "entity_identifier": "string",
      "entity_parser": "parser_2"
    },
    {
      "entity_identifier": "locality",
      "entity_parser": "parser_3"
    },
    {
      "entity_identifier": "country",
      "entity_parser": "parser_4"
    },
    {
      "entity_identifier": "region",
      "entity_parser": "parser_5"
    },
    {
      "entity_identifier": "conditionName",
      "entity_parser": "parser_6"
    },
    {
      "entity_identifier": "house_room",
      "entity_parser": "parser_7"
    },
    {
      "entity_identifier": "person",
      "entity_parser": "parser_8"
    },
    {
      "entity_identifier": "temperatureName",
      "entity_parser": "parser_9"
    },
    {
      "entity_identifier": "item",
      "entity_parser": "parser_10"
    },
    {
      "entity_identifier": "geographicalPOI",
      "entity_parser": "parser_11"
    },
    {
      "entity_identifier": "lamp_location",
      "entity_parser": "parser_12"
    },
    {
      "entity_identifier": "room",
      "entity_parser": "parser_13"
    }
  ]
}